{
  "args": {
    "label_noise": 0.0,
    "max_pixels_per_image": 5000,
    "seed": 42
  },
  "results": {
    "25%": {
      "f1": 0.8273853845335603,
      "iou": 0.7055902029708584,
      "train_samples": 175000,
      "time_s": 3.1
    },
    "50%": {
      "f1": 0.8262050328432488,
      "iou": 0.7038750854798268,
      "train_samples": 355000,
      "time_s": 7.8
    },
    "75%": {
      "f1": 0.8239414799746737,
      "iou": 0.7005956471935854,
      "train_samples": 530000,
      "time_s": 11.8
    },
    "100%": {
      "f1": 0.8297735838969232,
      "iou": 0.709070973342166,
      "train_samples": 710000,
      "time_s": 16.6
    }
  }
}