{
  "args": {
    "feature_mode": "rgb",
    "label_noise": 0.0,
    "max_pixels_per_image": 5000,
    "seed": 42,
    "fractions": [
      0.25,
      0.5,
      0.75,
      1.0
    ]
  },
  "results": {
    "25%": {
      "f1": 0.8273853845335603,
      "iou": 0.7055902029708584,
      "train_samples": 175000,
      "time_s": 2.8
    },
    "50%": {
      "f1": 0.8262050328432488,
      "iou": 0.7038750854798268,
      "train_samples": 355000,
      "time_s": 6.5
    },
    "75%": {
      "f1": 0.8239414799746737,
      "iou": 0.7005956471935854,
      "train_samples": 530000,
      "time_s": 10.3
    },
    "100%": {
      "f1": 0.8297735838969232,
      "iou": 0.709070973342166,
      "train_samples": 710000,
      "time_s": 15.0
    }
  }
}