{
  "args": {
    "feature_mode": "rgb_hsv_exg",
    "label_noise": 0.0,
    "max_pixels_per_image": 5000,
    "seed": 42,
    "fractions": [
      0.25,
      0.5,
      0.75,
      1.0
    ]
  },
  "results": {
    "25%": {
      "f1": 0.8288163753572141,
      "iou": 0.7076741493973716,
      "train_samples": 175000,
      "time_s": 4.9
    },
    "50%": {
      "f1": 0.8288970332521869,
      "iou": 0.7077917627978162,
      "train_samples": 355000,
      "time_s": 12.1
    },
    "75%": {
      "f1": 0.8249210078587054,
      "iou": 0.7020132377275234,
      "train_samples": 530000,
      "time_s": 20.0
    },
    "100%": {
      "f1": 0.8294883982486912,
      "iou": 0.708654572075679,
      "train_samples": 710000,
      "time_s": 30.3
    }
  }
}